LOCATION,INDICATOR,SUBJECT,MEASURE,FREQUENCY,TIME,Value,Flag Codes
AUS,UNEMPEDU,BUPPSRY,PC_25_64,A,2016,7.5025826,
AUS,UNEMPEDU,BUPPSRY,PC_25_64,A,2017,7.0790563,
AUS,UNEMPEDU,BUPPSRY,PC_25_64,A,2018,7.0461249,
AUS,UNEMPEDU,BUPPSRY,PC_25_64,A,2019,5.9390721,
AUS,UNEMPEDU,TRY,PC_25_64,A,2016,3.2340076,
AUS,UNEMPEDU,TRY,PC_25_64,A,2017,3.3636401,
AUS,UNEMPEDU,TRY,PC_25_64,A,2018,3.29336,
AUS,UNEMPEDU,TRY,PC_25_64,A,2019,2.8989403,
AUS,UNEMPEDU,UPPSRY_NTRY,PC_25_64,A,2016,4.4636726,
AUS,UNEMPEDU,UPPSRY_NTRY,PC_25_64,A,2017,4.1310658,
AUS,UNEMPEDU,UPPSRY_NTRY,PC_25_64,A,2018,4.4228549,
AUS,UNEMPEDU,UPPSRY_NTRY,PC_25_64,A,2019,4.0721803,
AUT,UNEMPEDU,BUPPSRY,PC_25_64,A,2016,11.717247,
AUT,UNEMPEDU,BUPPSRY,PC_25_64,A,2017,12.477829,
AUT,UNEMPEDU,BUPPSRY,PC_25_64,A,2018,10.870542,
AUT,UNEMPEDU,BUPPSRY,PC_25_64,A,2019,10.013733,
AUT,UNEMPEDU,TRY,PC_25_64,A,2016,3.4075601,
AUT,UNEMPEDU,TRY,PC_25_64,A,2017,2.9824064,
AUT,UNEMPEDU,TRY,PC_25_64,A,2018,2.9675856,
AUT,UNEMPEDU,TRY,PC_25_64,A,2019,2.8301337,
AUT,UNEMPEDU,UPPSRY_NTRY,PC_25_64,A,2016,5.2282047,
AUT,UNEMPEDU,UPPSRY_NTRY,PC_25_64,A,2017,4.7288117,
AUT,UNEMPEDU,UPPSRY_NTRY,PC_25_64,A,2018,3.8333592,
AUT,UNEMPEDU,UPPSRY_NTRY,PC_25_64,A,2019,3.6240354,
BEL,UNEMPEDU,BUPPSRY,PC_25_64,A,2016,14.457345,
BEL,UNEMPEDU,BUPPSRY,PC_25_64,A,2017,13.05376,
BEL,UNEMPEDU,BUPPSRY,PC_25_64,A,2018,11.8891,
BEL,UNEMPEDU,BUPPSRY,PC_25_64,A,2019,10.406223,
BEL,UNEMPEDU,TRY,PC_25_64,A,2016,3.7356656,
BEL,UNEMPEDU,TRY,PC_25_64,A,2017,3.8462749,
BEL,UNEMPEDU,TRY,PC_25_64,A,2018,3.1575096,
BEL,UNEMPEDU,TRY,PC_25_64,A,2019,2.8982859,
BEL,UNEMPEDU,UPPSRY_NTRY,PC_25_64,A,2016,6.9744177,
BEL,UNEMPEDU,UPPSRY_NTRY,PC_25_64,A,2017,6.1271291,
BEL,UNEMPEDU,UPPSRY_NTRY,PC_25_64,A,2018,5.0862646,
BEL,UNEMPEDU,UPPSRY_NTRY,PC_25_64,A,2019,4.5967746,
CAN,UNEMPEDU,BUPPSRY,PC_25_64,A,2016,10.88314,
CAN,UNEMPEDU,BUPPSRY,PC_25_64,A,2017,9.860465,
CAN,UNEMPEDU,BUPPSRY,PC_25_64,A,2018,8.8845015,
CAN,UNEMPEDU,BUPPSRY,PC_25_64,A,2019,8.6481113,
CAN,UNEMPEDU,TRY,PC_25_64,A,2016,4.9142132,
CAN,UNEMPEDU,TRY,PC_25_64,A,2017,4.5345812,
CAN,UNEMPEDU,TRY,PC_25_64,A,2018,4.1914959,
CAN,UNEMPEDU,TRY,PC_25_64,A,2019,4.008172,
CAN,UNEMPEDU,UPPSRY_NTRY,PC_25_64,A,2016,7.0350809,
CAN,UNEMPEDU,UPPSRY_NTRY,PC_25_64,A,2017,6.4040327,
CAN,UNEMPEDU,UPPSRY_NTRY,PC_25_64,A,2018,5.8278146,
CAN,UNEMPEDU,UPPSRY_NTRY,PC_25_64,A,2019,5.7609963,
CZE,UNEMPEDU,BUPPSRY,PC_25_64,A,2016,19.187189,
CZE,UNEMPEDU,BUPPSRY,PC_25_64,A,2017,11.913857,
CZE,UNEMPEDU,BUPPSRY,PC_25_64,A,2018,9.3599224,
CZE,UNEMPEDU,BUPPSRY,PC_25_64,A,2019,10.161623,
CZE,UNEMPEDU,TRY,PC_25_64,A,2016,1.8071283,
CZE,UNEMPEDU,TRY,PC_25_64,A,2017,1.4016052,
CZE,UNEMPEDU,TRY,PC_25_64,A,2018,1.1391273,
CZE,UNEMPEDU,TRY,PC_25_64,A,2019,0.97112429,
CZE,UNEMPEDU,UPPSRY_NTRY,PC_25_64,A,2016,3.2249165,
CZE,UNEMPEDU,UPPSRY_NTRY,PC_25_64,A,2017,2.4906461,
CZE,UNEMPEDU,UPPSRY_NTRY,PC_25_64,A,2018,1.8990363,
CZE,UNEMPEDU,UPPSRY_NTRY,PC_25_64,A,2019,1.633245,
DNK,UNEMPEDU,BUPPSRY,PC_25_64,A,2016,6.8373957,
DNK,UNEMPEDU,BUPPSRY,PC_25_64,A,2017,6.8125796,
DNK,UNEMPEDU,BUPPSRY,PC_25_64,A,2018,6.6664252,
DNK,UNEMPEDU,BUPPSRY,PC_25_64,A,2019,6.2394319,
DNK,UNEMPEDU,TRY,PC_25_64,A,2016,4.5356169,
DNK,UNEMPEDU,TRY,PC_25_64,A,2017,4.4356847,
DNK,UNEMPEDU,TRY,PC_25_64,A,2018,4.0302238,
DNK,UNEMPEDU,TRY,PC_25_64,A,2019,4.0720215,
DNK,UNEMPEDU,UPPSRY_NTRY,PC_25_64,A,2016,4.3696465,
DNK,UNEMPEDU,UPPSRY_NTRY,PC_25_64,A,2017,3.9333575,
DNK,UNEMPEDU,UPPSRY_NTRY,PC_25_64,A,2018,3.4591029,
DNK,UNEMPEDU,UPPSRY_NTRY,PC_25_64,A,2019,3.5237284,
FIN,UNEMPEDU,BUPPSRY,PC_25_64,A,2016,11.707317,
FIN,UNEMPEDU,BUPPSRY,PC_25_64,A,2017,13,
FIN,UNEMPEDU,BUPPSRY,PC_25_64,A,2018,12.234042,
FIN,UNEMPEDU,BUPPSRY,PC_25_64,A,2019,10.714286,
FIN,UNEMPEDU,TRY,PC_25_64,A,2016,5.4205608,
FIN,UNEMPEDU,TRY,PC_25_64,A,2017,4.9225159,
FIN,UNEMPEDU,TRY,PC_25_64,A,2018,4.1592922,
FIN,UNEMPEDU,TRY,PC_25_64,A,2019,3.8860104,
FIN,UNEMPEDU,UPPSRY_NTRY,PC_25_64,A,2016,8.3164301,
FIN,UNEMPEDU,UPPSRY_NTRY,PC_25_64,A,2017,7.9754601,
FIN,UNEMPEDU,UPPSRY_NTRY,PC_25_64,A,2018,7.0850201,
FIN,UNEMPEDU,UPPSRY_NTRY,PC_25_64,A,2019,6.2068968,
FRA,UNEMPEDU,BUPPSRY,PC_25_64,A,2016,15.868587,
FRA,UNEMPEDU,BUPPSRY,PC_25_64,A,2017,15.063866,
FRA,UNEMPEDU,BUPPSRY,PC_25_64,A,2018,14.321804,
FRA,UNEMPEDU,BUPPSRY,PC_25_64,A,2019,13.481572,
FRA,UNEMPEDU,TRY,PC_25_64,A,2016,5.0599513,
FRA,UNEMPEDU,TRY,PC_25_64,A,2017,4.7257986,
FRA,UNEMPEDU,TRY,PC_25_64,A,2018,5.0255108,
FRA,UNEMPEDU,TRY,PC_25_64,A,2019,4.6823454,
FRA,UNEMPEDU,UPPSRY_NTRY,PC_25_64,A,2016,8.9903126,
FRA,UNEMPEDU,UPPSRY_NTRY,PC_25_64,A,2017,8.5151796,
FRA,UNEMPEDU,UPPSRY_NTRY,PC_25_64,A,2018,8.2463455,
FRA,UNEMPEDU,UPPSRY_NTRY,PC_25_64,A,2019,7.8668385,
DEU,UNEMPEDU,BUPPSRY,PC_25_64,A,2016,10.004822,
DEU,UNEMPEDU,BUPPSRY,PC_25_64,A,2017,9.1673222,
DEU,UNEMPEDU,BUPPSRY,PC_25_64,A,2018,8.5388823,
DEU,UNEMPEDU,BUPPSRY,PC_25_64,A,2019,7.7439661,
DEU,UNEMPEDU,TRY,PC_25_64,A,2016,2.2083173,
DEU,UNEMPEDU,TRY,PC_25_64,A,2017,1.9815251,
DEU,UNEMPEDU,TRY,PC_25_64,A,2018,1.8697213,
DEU,UNEMPEDU,TRY,PC_25_64,A,2019,1.8176366,
DEU,UNEMPEDU,UPPSRY_NTRY,PC_25_64,A,2016,3.6604199,
DEU,UNEMPEDU,UPPSRY_NTRY,PC_25_64,A,2017,3.2659097,
DEU,UNEMPEDU,UPPSRY_NTRY,PC_25_64,A,2018,2.8517847,
DEU,UNEMPEDU,UPPSRY_NTRY,PC_25_64,A,2019,2.6341136,
GRC,UNEMPEDU,BUPPSRY,PC_25_64,A,2016,26.186934,
GRC,UNEMPEDU,BUPPSRY,PC_25_64,A,2017,23.91394,
GRC,UNEMPEDU,BUPPSRY,PC_25_64,A,2018,21.974014,
GRC,UNEMPEDU,BUPPSRY,PC_25_64,A,2019,20.037479,
GRC,UNEMPEDU,TRY,PC_25_64,A,2016,17.229668,
GRC,UNEMPEDU,TRY,PC_25_64,A,2017,15.651299,
GRC,UNEMPEDU,TRY,PC_25_64,A,2018,13.682021,
GRC,UNEMPEDU,TRY,PC_25_64,A,2019,11.621496,
GRC,UNEMPEDU,UPPSRY_NTRY,PC_25_64,A,2016,24.182415,
GRC,UNEMPEDU,UPPSRY_NTRY,PC_25_64,A,2017,22.27109,
GRC,UNEMPEDU,UPPSRY_NTRY,PC_25_64,A,2018,20.34164,
GRC,UNEMPEDU,UPPSRY_NTRY,PC_25_64,A,2019,18.832159,
HUN,UNEMPEDU,BUPPSRY,PC_25_64,A,2016,11.782121,
HUN,UNEMPEDU,BUPPSRY,PC_25_64,A,2017,10.098001,
HUN,UNEMPEDU,BUPPSRY,PC_25_64,A,2018,8.7703676,
HUN,UNEMPEDU,BUPPSRY,PC_25_64,A,2019,8.0525532,
HUN,UNEMPEDU,TRY,PC_25_64,A,2016,1.6791182,
HUN,UNEMPEDU,TRY,PC_25_64,A,2017,1.4652317,
HUN,UNEMPEDU,TRY,PC_25_64,A,2018,1.3436961,
HUN,UNEMPEDU,TRY,PC_25_64,A,2019,1.3553417,
HUN,UNEMPEDU,UPPSRY_NTRY,PC_25_64,A,2016,4.2319288,
HUN,UNEMPEDU,UPPSRY_NTRY,PC_25_64,A,2017,3.3190954,
HUN,UNEMPEDU,UPPSRY_NTRY,PC_25_64,A,2018,3.0284367,
HUN,UNEMPEDU,UPPSRY_NTRY,PC_25_64,A,2019,2.5439126,
ISL,UNEMPEDU,BUPPSRY,PC_25_64,A,2016,2.7797201,
ISL,UNEMPEDU,BUPPSRY,PC_25_64,A,2017,2.0912006,
ISL,UNEMPEDU,BUPPSRY,PC_25_64,A,2018,2.7952092,
ISL,UNEMPEDU,BUPPSRY,PC_25_64,A,2019,3.2297986,
ISL,UNEMPEDU,TRY,PC_25_64,A,2016,1.6910819,
ISL,UNEMPEDU,TRY,PC_25_64,A,2017,1.6587635,
ISL,UNEMPEDU,TRY,PC_25_64,A,2018,1.9622258,
ISL,UNEMPEDU,TRY,PC_25_64,A,2019,2.3092563,
ISL,UNEMPEDU,UPPSRY_NTRY,PC_25_64,A,2016,3.0496373,
ISL,UNEMPEDU,UPPSRY_NTRY,PC_25_64,A,2017,2.0115392,
ISL,UNEMPEDU,UPPSRY_NTRY,PC_25_64,A,2018,2.0313857,
ISL,UNEMPEDU,UPPSRY_NTRY,PC_25_64,A,2019,2.9754987,
IRL,UNEMPEDU,BUPPSRY,PC_25_64,A,2017,10.884036,
IRL,UNEMPEDU,BUPPSRY,PC_25_64,A,2018,7.8827791,
IRL,UNEMPEDU,BUPPSRY,PC_25_64,A,2019,6.5684071,
IRL,UNEMPEDU,TRY,PC_25_64,A,2017,3.7408261,
IRL,UNEMPEDU,TRY,PC_25_64,A,2018,3.5211744,
IRL,UNEMPEDU,TRY,PC_25_64,A,2019,2.8838186,
IRL,UNEMPEDU,UPPSRY_NTRY,PC_25_64,A,2017,7.0278854,
IRL,UNEMPEDU,UPPSRY_NTRY,PC_25_64,A,2018,5.3434896,
IRL,UNEMPEDU,UPPSRY_NTRY,PC_25_64,A,2019,4.6022849,
ITA,UNEMPEDU,BUPPSRY,PC_25_64,A,2016,14.296636,
ITA,UNEMPEDU,BUPPSRY,PC_25_64,A,2017,14.285714,
ITA,UNEMPEDU,BUPPSRY,PC_25_64,A,2018,13.4765,
ITA,UNEMPEDU,BUPPSRY,PC_25_64,A,2019,12.780911,
ITA,UNEMPEDU,TRY,PC_25_64,A,2016,6.5583634,
ITA,UNEMPEDU,TRY,PC_25_64,A,2017,6.146841,
ITA,UNEMPEDU,TRY,PC_25_64,A,2018,5.7681146,
ITA,UNEMPEDU,TRY,PC_25_64,A,2019,5.6292591,
ITA,UNEMPEDU,UPPSRY_NTRY,PC_25_64,A,2016,8.8056116,
ITA,UNEMPEDU,UPPSRY_NTRY,PC_25_64,A,2017,8.5385113,
ITA,UNEMPEDU,UPPSRY_NTRY,PC_25_64,A,2018,8.4729414,
ITA,UNEMPEDU,UPPSRY_NTRY,PC_25_64,A,2019,7.9661689,
JPN,UNEMPEDU,TRY,PC_25_64,A,2016,2.4526198,
JPN,UNEMPEDU,TRY,PC_25_64,A,2017,2.1849964,
JPN,UNEMPEDU,TRY,PC_25_64,A,2018,1.9010043,
JPN,UNEMPEDU,TRY,PC_25_64,A,2019,1.8741159,
KOR,UNEMPEDU,BUPPSRY,PC_25_64,A,2016,2.7628746,
KOR,UNEMPEDU,BUPPSRY,PC_25_64,A,2017,2.7666306,
KOR,UNEMPEDU,BUPPSRY,PC_25_64,A,2018,3.2216022,
KOR,UNEMPEDU,BUPPSRY,PC_25_64,A,2019,3.9066856,
KOR,UNEMPEDU,TRY,PC_25_64,A,2016,3.2910287,
KOR,UNEMPEDU,TRY,PC_25_64,A,2017,3.5086088,
KOR,UNEMPEDU,TRY,PC_25_64,A,2018,3.4436555,
KOR,UNEMPEDU,TRY,PC_25_64,A,2019,3.1614375,
KOR,UNEMPEDU,UPPSRY_NTRY,PC_25_64,A,2016,3.3593016,
KOR,UNEMPEDU,UPPSRY_NTRY,PC_25_64,A,2017,3.0966783,
KOR,UNEMPEDU,UPPSRY_NTRY,PC_25_64,A,2018,3.5780659,
KOR,UNEMPEDU,UPPSRY_NTRY,PC_25_64,A,2019,3.532999,
LUX,UNEMPEDU,BUPPSRY,PC_25_64,A,2016,6.9030805,
LUX,UNEMPEDU,BUPPSRY,PC_25_64,A,2017,6.3986888,
LUX,UNEMPEDU,BUPPSRY,PC_25_64,A,2018,6.3844604,
LUX,UNEMPEDU,BUPPSRY,PC_25_64,A,2019,5.5330138,
LUX,UNEMPEDU,TRY,PC_25_64,A,2016,3.7709091,
LUX,UNEMPEDU,TRY,PC_25_64,A,2017,3.7603486,
LUX,UNEMPEDU,TRY,PC_25_64,A,2018,4.0543752,
LUX,UNEMPEDU,TRY,PC_25_64,A,2019,3.8542736,
LUX,UNEMPEDU,UPPSRY_NTRY,PC_25_64,A,2016,5.6593051,
LUX,UNEMPEDU,UPPSRY_NTRY,PC_25_64,A,2017,4.7665539,
LUX,UNEMPEDU,UPPSRY_NTRY,PC_25_64,A,2018,4.5373697,
LUX,UNEMPEDU,UPPSRY_NTRY,PC_25_64,A,2019,5.2180462,
MEX,UNEMPEDU,BUPPSRY,PC_25_64,A,2016,2.6077018,
MEX,UNEMPEDU,BUPPSRY,PC_25_64,A,2017,2.342535,
MEX,UNEMPEDU,BUPPSRY,PC_25_64,A,2018,2.1489182,
MEX,UNEMPEDU,BUPPSRY,PC_25_64,A,2019,2.3499572,
MEX,UNEMPEDU,TRY,PC_25_64,A,2016,4.3551898,
MEX,UNEMPEDU,TRY,PC_25_64,A,2017,3.7899735,
MEX,UNEMPEDU,TRY,PC_25_64,A,2018,3.6336913,
MEX,UNEMPEDU,TRY,PC_25_64,A,2019,3.9790719,
MEX,UNEMPEDU,UPPSRY_NTRY,PC_25_64,A,2016,3.7603009,
MEX,UNEMPEDU,UPPSRY_NTRY,PC_25_64,A,2017,3.1925368,
MEX,UNEMPEDU,UPPSRY_NTRY,PC_25_64,A,2018,3.0982747,
MEX,UNEMPEDU,UPPSRY_NTRY,PC_25_64,A,2019,3.0942526,
NLD,UNEMPEDU,BUPPSRY,PC_25_64,A,2016,7.6413312,
NLD,UNEMPEDU,BUPPSRY,PC_25_64,A,2017,6.5865383,
NLD,UNEMPEDU,BUPPSRY,PC_25_64,A,2018,5.1204324,
NLD,UNEMPEDU,BUPPSRY,PC_25_64,A,2019,4.2088528,
NLD,UNEMPEDU,TRY,PC_25_64,A,2016,3.363584,
NLD,UNEMPEDU,TRY,PC_25_64,A,2017,2.7507279,
NLD,UNEMPEDU,TRY,PC_25_64,A,2018,2.2953672,
NLD,UNEMPEDU,TRY,PC_25_64,A,2019,2.0731409,
NLD,UNEMPEDU,UPPSRY_NTRY,PC_25_64,A,2016,5.6952085,
NLD,UNEMPEDU,UPPSRY_NTRY,PC_25_64,A,2017,4.3765836,
NLD,UNEMPEDU,UPPSRY_NTRY,PC_25_64,A,2018,3.2880535,
NLD,UNEMPEDU,UPPSRY_NTRY,PC_25_64,A,2019,2.7552342,
NZL,UNEMPEDU,BUPPSRY,PC_25_64,A,2016,5.4138594,
NZL,UNEMPEDU,BUPPSRY,PC_25_64,A,2017,5.0077043,
NZL,UNEMPEDU,BUPPSRY,PC_25_64,A,2018,4.5654564,
NZL,UNEMPEDU,BUPPSRY,PC_25_64,A,2019,4.5935411,
NZL,UNEMPEDU,TRY,PC_25_64,A,2016,2.6014979,
NZL,UNEMPEDU,TRY,PC_25_64,A,2017,2.1675596,
NZL,UNEMPEDU,TRY,PC_25_64,A,2018,2.2813253,
NZL,UNEMPEDU,TRY,PC_25_64,A,2019,2.1769018,
NZL,UNEMPEDU,UPPSRY_NTRY,PC_25_64,A,2016,3.8580821,
NZL,UNEMPEDU,UPPSRY_NTRY,PC_25_64,A,2017,3.7150607,
NZL,UNEMPEDU,UPPSRY_NTRY,PC_25_64,A,2018,3.1914895,
NZL,UNEMPEDU,UPPSRY_NTRY,PC_25_64,A,2019,2.8642874,
NOR,UNEMPEDU,BUPPSRY,PC_25_64,A,2016,7.5275397,
NOR,UNEMPEDU,BUPPSRY,PC_25_64,A,2017,7.4969769,
NOR,UNEMPEDU,BUPPSRY,PC_25_64,A,2018,6.4973974,
NOR,UNEMPEDU,BUPPSRY,PC_25_64,A,2019,5.977437,
NOR,UNEMPEDU,TRY,PC_25_64,A,2016,2.9688365,
NOR,UNEMPEDU,TRY,PC_25_64,A,2017,2.2739775,
NOR,UNEMPEDU,TRY,PC_25_64,A,2018,2.2021699,
NOR,UNEMPEDU,TRY,PC_25_64,A,2019,2.0756705,
NOR,UNEMPEDU,UPPSRY_NTRY,PC_25_64,A,2016,3.4498107,
NOR,UNEMPEDU,UPPSRY_NTRY,PC_25_64,A,2017,3.074141,
NOR,UNEMPEDU,UPPSRY_NTRY,PC_25_64,A,2018,2.9244654,
NOR,UNEMPEDU,UPPSRY_NTRY,PC_25_64,A,2019,2.703361,
POL,UNEMPEDU,BUPPSRY,PC_25_64,A,2016,12.783751,
POL,UNEMPEDU,BUPPSRY,PC_25_64,A,2017,11.052631,
POL,UNEMPEDU,BUPPSRY,PC_25_64,A,2018,9.353508,
POL,UNEMPEDU,BUPPSRY,PC_25_64,A,2019,8.1604424,
POL,UNEMPEDU,TRY,PC_25_64,A,2016,2.9923322,
POL,UNEMPEDU,TRY,PC_25_64,A,2017,2.1554067,
POL,UNEMPEDU,TRY,PC_25_64,A,2018,1.8011655,
POL,UNEMPEDU,TRY,PC_25_64,A,2019,1.8222451,
POL,UNEMPEDU,UPPSRY_NTRY,PC_25_64,A,2016,5.8052835,
POL,UNEMPEDU,UPPSRY_NTRY,PC_25_64,A,2017,4.6871638,
POL,UNEMPEDU,UPPSRY_NTRY,PC_25_64,A,2018,3.6463482,
POL,UNEMPEDU,UPPSRY_NTRY,PC_25_64,A,2019,2.9591146,
PRT,UNEMPEDU,BUPPSRY,PC_25_64,A,2016,11.571985,
PRT,UNEMPEDU,BUPPSRY,PC_25_64,A,2017,9.2736435,
PRT,UNEMPEDU,BUPPSRY,PC_25_64,A,2018,6.9088902,
PRT,UNEMPEDU,BUPPSRY,PC_25_64,A,2019,6.4098353,
PRT,UNEMPEDU,TRY,PC_25_64,A,2016,7.4422359,
PRT,UNEMPEDU,TRY,PC_25_64,A,2017,5.7133436,
PRT,UNEMPEDU,TRY,PC_25_64,A,2018,4.7238131,
PRT,UNEMPEDU,TRY,PC_25_64,A,2019,4.7648511,
PRT,UNEMPEDU,UPPSRY_NTRY,PC_25_64,A,2016,10.506603,
PRT,UNEMPEDU,UPPSRY_NTRY,PC_25_64,A,2017,8.0271473,
PRT,UNEMPEDU,UPPSRY_NTRY,PC_25_64,A,2018,6.5582442,
PRT,UNEMPEDU,UPPSRY_NTRY,PC_25_64,A,2019,5.821301,
SVK,UNEMPEDU,BUPPSRY,PC_25_64,A,2016,29.025688,
SVK,UNEMPEDU,BUPPSRY,PC_25_64,A,2017,27.251879,
SVK,UNEMPEDU,BUPPSRY,PC_25_64,A,2018,27.398344,
SVK,UNEMPEDU,BUPPSRY,PC_25_64,A,2019,27.90064,
SVK,UNEMPEDU,TRY,PC_25_64,A,2016,5.0818892,
SVK,UNEMPEDU,TRY,PC_25_64,A,2017,3.6362455,
SVK,UNEMPEDU,TRY,PC_25_64,A,2018,2.8429301,
SVK,UNEMPEDU,TRY,PC_25_64,A,2019,2.2894518,
SVK,UNEMPEDU,UPPSRY_NTRY,PC_25_64,A,2016,8.3023195,
SVK,UNEMPEDU,UPPSRY_NTRY,PC_25_64,A,2017,6.9698658,
SVK,UNEMPEDU,UPPSRY_NTRY,PC_25_64,A,2018,5.4414587,
SVK,UNEMPEDU,UPPSRY_NTRY,PC_25_64,A,2019,4.3689852,
ESP,UNEMPEDU,BUPPSRY,PC_25_64,A,2016,26.090702,
ESP,UNEMPEDU,BUPPSRY,PC_25_64,A,2017,23.371431,
ESP,UNEMPEDU,BUPPSRY,PC_25_64,A,2018,20.546646,
ESP,UNEMPEDU,BUPPSRY,PC_25_64,A,2019,18.865707,
ESP,UNEMPEDU,TRY,PC_25_64,A,2016,10.9351,
ESP,UNEMPEDU,TRY,PC_25_64,A,2017,9.3482819,
ESP,UNEMPEDU,TRY,PC_25_64,A,2018,8.4252825,
ESP,UNEMPEDU,TRY,PC_25_64,A,2019,8.0836926,
ESP,UNEMPEDU,UPPSRY_NTRY,PC_25_64,A,2016,17.041286,
ESP,UNEMPEDU,UPPSRY_NTRY,PC_25_64,A,2017,15.075834,
ESP,UNEMPEDU,UPPSRY_NTRY,PC_25_64,A,2018,13.787766,
ESP,UNEMPEDU,UPPSRY_NTRY,PC_25_64,A,2019,12.686457,
SWE,UNEMPEDU,BUPPSRY,PC_25_64,A,2016,13.238413,
SWE,UNEMPEDU,BUPPSRY,PC_25_64,A,2017,13.287424,
SWE,UNEMPEDU,BUPPSRY,PC_25_64,A,2018,13.808542,
SWE,UNEMPEDU,BUPPSRY,PC_25_64,A,2019,14.119621,
SWE,UNEMPEDU,TRY,PC_25_64,A,2016,3.7836716,
SWE,UNEMPEDU,TRY,PC_25_64,A,2017,3.8736913,
SWE,UNEMPEDU,TRY,PC_25_64,A,2018,3.5279484,
SWE,UNEMPEDU,TRY,PC_25_64,A,2019,3.4962041,
SWE,UNEMPEDU,UPPSRY_NTRY,PC_25_64,A,2016,4.3004985,
SWE,UNEMPEDU,UPPSRY_NTRY,PC_25_64,A,2017,3.9044526,
SWE,UNEMPEDU,UPPSRY_NTRY,PC_25_64,A,2018,3.3710349,
SWE,UNEMPEDU,UPPSRY_NTRY,PC_25_64,A,2019,3.7939336,
CHE,UNEMPEDU,BUPPSRY,PC_25_64,A,2016,9.8838015,
CHE,UNEMPEDU,BUPPSRY,PC_25_64,A,2017,8.5491982,
CHE,UNEMPEDU,BUPPSRY,PC_25_64,A,2018,8.4972382,
CHE,UNEMPEDU,BUPPSRY,PC_25_64,A,2019,8.0735178,
CHE,UNEMPEDU,TRY,PC_25_64,A,2016,3.3391376,
CHE,UNEMPEDU,TRY,PC_25_64,A,2017,3.8150232,
CHE,UNEMPEDU,TRY,PC_25_64,A,2018,3.5187626,
CHE,UNEMPEDU,TRY,PC_25_64,A,2019,3.2542498,
CHE,UNEMPEDU,UPPSRY_NTRY,PC_25_64,A,2016,4.3967075,
CHE,UNEMPEDU,UPPSRY_NTRY,PC_25_64,A,2017,4.2381201,
CHE,UNEMPEDU,UPPSRY_NTRY,PC_25_64,A,2018,4.4083438,
CHE,UNEMPEDU,UPPSRY_NTRY,PC_25_64,A,2019,3.979367,
TUR,UNEMPEDU,BUPPSRY,PC_25_64,A,2016,9.3241167,
TUR,UNEMPEDU,BUPPSRY,PC_25_64,A,2017,9.0173759,
TUR,UNEMPEDU,BUPPSRY,PC_25_64,A,2018,9.3173704,
TUR,UNEMPEDU,BUPPSRY,PC_25_64,A,2019,12.415726,
TUR,UNEMPEDU,TRY,PC_25_64,A,2016,9.4371138,
TUR,UNEMPEDU,TRY,PC_25_64,A,2017,9.5365276,
TUR,UNEMPEDU,TRY,PC_25_64,A,2018,9.8409843,
TUR,UNEMPEDU,TRY,PC_25_64,A,2019,10.690858,
TUR,UNEMPEDU,UPPSRY_NTRY,PC_25_64,A,2016,10.056888,
TUR,UNEMPEDU,UPPSRY_NTRY,PC_25_64,A,2017,9.6906815,
TUR,UNEMPEDU,UPPSRY_NTRY,PC_25_64,A,2018,9.3821077,
TUR,UNEMPEDU,UPPSRY_NTRY,PC_25_64,A,2019,11.932458,
GBR,UNEMPEDU,BUPPSRY,PC_25_64,A,2016,6.2145991,
GBR,UNEMPEDU,BUPPSRY,PC_25_64,A,2017,5.6134658,
GBR,UNEMPEDU,BUPPSRY,PC_25_64,A,2018,4.9519577,
GBR,UNEMPEDU,BUPPSRY,PC_25_64,A,2019,4.8995299,
GBR,UNEMPEDU,TRY,PC_25_64,A,2016,2.6113617,
GBR,UNEMPEDU,TRY,PC_25_64,A,2017,2.29493,
GBR,UNEMPEDU,TRY,PC_25_64,A,2018,2.1650496,
GBR,UNEMPEDU,TRY,PC_25_64,A,2019,2.0881283,
GBR,UNEMPEDU,UPPSRY_NTRY,PC_25_64,A,2016,3.6076438,
GBR,UNEMPEDU,UPPSRY_NTRY,PC_25_64,A,2017,3.1445923,
GBR,UNEMPEDU,UPPSRY_NTRY,PC_25_64,A,2018,3.0725725,
GBR,UNEMPEDU,UPPSRY_NTRY,PC_25_64,A,2019,2.6838267,
USA,UNEMPEDU,BUPPSRY,PC_25_64,A,2016,8.0993929,
USA,UNEMPEDU,BUPPSRY,PC_25_64,A,2017,8.2531586,
USA,UNEMPEDU,BUPPSRY,PC_25_64,A,2018,6.6416121,
USA,UNEMPEDU,BUPPSRY,PC_25_64,A,2019,6.4897528,
USA,UNEMPEDU,TRY,PC_25_64,A,2016,2.6832011,
USA,UNEMPEDU,TRY,PC_25_64,A,2017,2.5370116,
USA,UNEMPEDU,TRY,PC_25_64,A,2018,2.2782395,
USA,UNEMPEDU,TRY,PC_25_64,A,2019,2.1054521,
USA,UNEMPEDU,UPPSRY_NTRY,PC_25_64,A,2016,5.6921043,
USA,UNEMPEDU,UPPSRY_NTRY,PC_25_64,A,2017,4.8244696,
USA,UNEMPEDU,UPPSRY_NTRY,PC_25_64,A,2018,4.5728149,
USA,UNEMPEDU,UPPSRY_NTRY,PC_25_64,A,2019,3.9786832,
BRA,UNEMPEDU,BUPPSRY,PC_25_64,A,2016,8.7193661,
BRA,UNEMPEDU,BUPPSRY,PC_25_64,A,2017,10.248816,
BRA,UNEMPEDU,BUPPSRY,PC_25_64,A,2018,9.7443171,
BRA,UNEMPEDU,TRY,PC_25_64,A,2016,5.3277311,
BRA,UNEMPEDU,TRY,PC_25_64,A,2017,6.0991817,
BRA,UNEMPEDU,TRY,PC_25_64,A,2018,5.5406938,
BRA,UNEMPEDU,UPPSRY_NTRY,PC_25_64,A,2016,9.4855633,
BRA,UNEMPEDU,UPPSRY_NTRY,PC_25_64,A,2017,9.9746723,
BRA,UNEMPEDU,UPPSRY_NTRY,PC_25_64,A,2018,10.03759,
CHL,UNEMPEDU,BUPPSRY,PC_25_64,A,2017,6.3305607,
CHL,UNEMPEDU,TRY,PC_25_64,A,2017,5.6181846,
CHL,UNEMPEDU,UPPSRY_NTRY,PC_25_64,A,2017,7.0038009,
EST,UNEMPEDU,BUPPSRY,PC_25_64,A,2016,11.462599,
EST,UNEMPEDU,BUPPSRY,PC_25_64,A,2017,10.056347,
EST,UNEMPEDU,BUPPSRY,PC_25_64,A,2018,8.4085398,
EST,UNEMPEDU,BUPPSRY,PC_25_64,A,2019,7.8413486,
EST,UNEMPEDU,TRY,PC_25_64,A,2016,3.7043145,
EST,UNEMPEDU,TRY,PC_25_64,A,2017,3.296818,
EST,UNEMPEDU,TRY,PC_25_64,A,2018,3.5657189,
EST,UNEMPEDU,TRY,PC_25_64,A,2019,2.6390886,
EST,UNEMPEDU,UPPSRY_NTRY,PC_25_64,A,2016,7.5874252,
EST,UNEMPEDU,UPPSRY_NTRY,PC_25_64,A,2017,6.160284,
EST,UNEMPEDU,UPPSRY_NTRY,PC_25_64,A,2018,5.2427325,
EST,UNEMPEDU,UPPSRY_NTRY,PC_25_64,A,2019,4.5682573,
ISR,UNEMPEDU,BUPPSRY,PC_25_64,A,2016,7.1143379,
ISR,UNEMPEDU,BUPPSRY,PC_25_64,A,2017,4.7708268,
ISR,UNEMPEDU,BUPPSRY,PC_25_64,A,2018,4.8706436,
ISR,UNEMPEDU,BUPPSRY,PC_25_64,A,2019,4.1815953,
ISR,UNEMPEDU,TRY,PC_25_64,A,2016,3.200017,
ISR,UNEMPEDU,TRY,PC_25_64,A,2017,3.096472,
ISR,UNEMPEDU,TRY,PC_25_64,A,2018,2.6871502,
ISR,UNEMPEDU,TRY,PC_25_64,A,2019,2.826901,
ISR,UNEMPEDU,UPPSRY_NTRY,PC_25_64,A,2016,4.9260826,
ISR,UNEMPEDU,UPPSRY_NTRY,PC_25_64,A,2017,4.4239001,
ISR,UNEMPEDU,UPPSRY_NTRY,PC_25_64,A,2018,4.4479365,
ISR,UNEMPEDU,UPPSRY_NTRY,PC_25_64,A,2019,4.0102782,
LVA,UNEMPEDU,BUPPSRY,PC_25_64,A,2016,18.098213,
LVA,UNEMPEDU,BUPPSRY,PC_25_64,A,2017,15.859162,
LVA,UNEMPEDU,BUPPSRY,PC_25_64,A,2018,14.649304,
LVA,UNEMPEDU,BUPPSRY,PC_25_64,A,2019,11.033166,
LVA,UNEMPEDU,TRY,PC_25_64,A,2016,3.9797568,
LVA,UNEMPEDU,TRY,PC_25_64,A,2017,3.5638726,
LVA,UNEMPEDU,TRY,PC_25_64,A,2018,3.6926155,
LVA,UNEMPEDU,TRY,PC_25_64,A,2019,3.6112995,
LVA,UNEMPEDU,UPPSRY_NTRY,PC_25_64,A,2016,11.283063,
LVA,UNEMPEDU,UPPSRY_NTRY,PC_25_64,A,2017,9.9754887,
LVA,UNEMPEDU,UPPSRY_NTRY,PC_25_64,A,2018,8.2871599,
LVA,UNEMPEDU,UPPSRY_NTRY,PC_25_64,A,2019,7.0159178,
RUS,UNEMPEDU,BUPPSRY,PC_25_64,A,2016,13.289113,
RUS,UNEMPEDU,BUPPSRY,PC_25_64,A,2017,11.658607,
RUS,UNEMPEDU,BUPPSRY,PC_25_64,A,2018,11.42276,
RUS,UNEMPEDU,TRY,PC_25_64,A,2016,3.5405762,
RUS,UNEMPEDU,TRY,PC_25_64,A,2017,3.0198448,
RUS,UNEMPEDU,TRY,PC_25_64,A,2018,2.7329652,
RUS,UNEMPEDU,UPPSRY_NTRY,PC_25_64,A,2016,6.7441525,
RUS,UNEMPEDU,UPPSRY_NTRY,PC_25_64,A,2017,5.9367023,
RUS,UNEMPEDU,UPPSRY_NTRY,PC_25_64,A,2018,5.355597,
SVN,UNEMPEDU,BUPPSRY,PC_25_64,A,2016,13.99581,
SVN,UNEMPEDU,BUPPSRY,PC_25_64,A,2017,12.050613,
SVN,UNEMPEDU,BUPPSRY,PC_25_64,A,2018,8.6823301,
SVN,UNEMPEDU,BUPPSRY,PC_25_64,A,2019,9.1271667,
SVN,UNEMPEDU,TRY,PC_25_64,A,2016,6.0422244,
SVN,UNEMPEDU,TRY,PC_25_64,A,2017,5.4046092,
SVN,UNEMPEDU,TRY,PC_25_64,A,2018,3.564918,
SVN,UNEMPEDU,TRY,PC_25_64,A,2019,2.9738765,
SVN,UNEMPEDU,UPPSRY_NTRY,PC_25_64,A,2016,7.5741811,
SVN,UNEMPEDU,UPPSRY_NTRY,PC_25_64,A,2017,7.5427799,
SVN,UNEMPEDU,UPPSRY_NTRY,PC_25_64,A,2018,5.2833338,
SVN,UNEMPEDU,UPPSRY_NTRY,PC_25_64,A,2019,4.4296212,
OAVG,UNEMPEDU,BUPPSRY,PC_25_64,A,2016,11.758875,
OAVG,UNEMPEDU,BUPPSRY,PC_25_64,A,2017,10.463191,
OAVG,UNEMPEDU,BUPPSRY,PC_25_64,A,2018,9.6110342,
OAVG,UNEMPEDU,BUPPSRY,PC_25_64,A,2019,9.287026,
OAVG,UNEMPEDU,TRY,PC_25_64,A,2016,4.6162632,
OAVG,UNEMPEDU,TRY,PC_25_64,A,2017,4.2529891,
OAVG,UNEMPEDU,TRY,PC_25_64,A,2018,3.9421643,
OAVG,UNEMPEDU,TRY,PC_25_64,A,2019,3.783666,
OAVG,UNEMPEDU,UPPSRY_NTRY,PC_25_64,A,2016,6.9678511,
OAVG,UNEMPEDU,UPPSRY_NTRY,PC_25_64,A,2017,6.326124,
OAVG,UNEMPEDU,UPPSRY_NTRY,PC_25_64,A,2018,5.7255423,
OAVG,UNEMPEDU,UPPSRY_NTRY,PC_25_64,A,2019,5.4347545,
COL,UNEMPEDU,BUPPSRY,PC_25_64,A,2016,5.7889357,
COL,UNEMPEDU,BUPPSRY,PC_25_64,A,2017,6.0768976,
COL,UNEMPEDU,BUPPSRY,PC_25_64,A,2018,6.1371231,
COL,UNEMPEDU,BUPPSRY,PC_25_64,A,2019,7.3364716,
COL,UNEMPEDU,TRY,PC_25_64,A,2016,9.14048,
COL,UNEMPEDU,TRY,PC_25_64,A,2017,8.5509605,
COL,UNEMPEDU,TRY,PC_25_64,A,2018,9.1084204,
COL,UNEMPEDU,TRY,PC_25_64,A,2019,9.3001461,
COL,UNEMPEDU,UPPSRY_NTRY,PC_25_64,A,2016,8.365531,
COL,UNEMPEDU,UPPSRY_NTRY,PC_25_64,A,2017,9.1100016,
COL,UNEMPEDU,UPPSRY_NTRY,PC_25_64,A,2018,8.8653212,
COL,UNEMPEDU,UPPSRY_NTRY,PC_25_64,A,2019,9.6684513,
ARG,UNEMPEDU,BUPPSRY,PC_25_64,A,2017,8.1519899,
ARG,UNEMPEDU,BUPPSRY,PC_25_64,A,2018,8.3750477,
ARG,UNEMPEDU,TRY,PC_25_64,A,2017,2.9912555,
ARG,UNEMPEDU,TRY,PC_25_64,A,2018,5.1161103,
ARG,UNEMPEDU,UPPSRY_NTRY,PC_25_64,A,2017,5.9344521,
ARG,UNEMPEDU,UPPSRY_NTRY,PC_25_64,A,2018,6.5117941,
IDN,UNEMPEDU,BUPPSRY,PC_25_64,A,2016,1.6293354,
IDN,UNEMPEDU,BUPPSRY,PC_25_64,A,2017,1.5908802,
IDN,UNEMPEDU,TRY,PC_25_64,A,2016,3.0127048,
IDN,UNEMPEDU,TRY,PC_25_64,A,2017,2.7437406,
IDN,UNEMPEDU,UPPSRY_NTRY,PC_25_64,A,2016,3.024173,
IDN,UNEMPEDU,UPPSRY_NTRY,PC_25_64,A,2017,2.9919908,
LTU,UNEMPEDU,BUPPSRY,PC_25_64,A,2016,24.763948,
LTU,UNEMPEDU,BUPPSRY,PC_25_64,A,2017,18.972801,
LTU,UNEMPEDU,BUPPSRY,PC_25_64,A,2018,15.629261,
LTU,UNEMPEDU,BUPPSRY,PC_25_64,A,2019,17.273205,
LTU,UNEMPEDU,TRY,PC_25_64,A,2016,2.7302911,
LTU,UNEMPEDU,TRY,PC_25_64,A,2017,2.7256811,
LTU,UNEMPEDU,TRY,PC_25_64,A,2018,2.5854061,
LTU,UNEMPEDU,TRY,PC_25_64,A,2019,2.8428283,
LTU,UNEMPEDU,UPPSRY_NTRY,PC_25_64,A,2016,9.6119976,
LTU,UNEMPEDU,UPPSRY_NTRY,PC_25_64,A,2017,9.0385675,
LTU,UNEMPEDU,UPPSRY_NTRY,PC_25_64,A,2018,7.9728608,
LTU,UNEMPEDU,UPPSRY_NTRY,PC_25_64,A,2019,7.9666896,
SAU,UNEMPEDU,BUPPSRY,PC_25_64,A,2016,0.32521245,
SAU,UNEMPEDU,TRY,PC_25_64,A,2016,10.178661,
SAU,UNEMPEDU,UPPSRY_NTRY,PC_25_64,A,2016,3.9333932,
ZAF,UNEMPEDU,BUPPSRY,PC_25_64,A,2016,25.311005,
ZAF,UNEMPEDU,BUPPSRY,PC_25_64,A,2017,26.962688,
ZAF,UNEMPEDU,BUPPSRY,PC_25_64,A,2018,25.368153,
ZAF,UNEMPEDU,TRY,PC_25_64,A,2016,5.7729316,
ZAF,UNEMPEDU,TRY,PC_25_64,A,2017,6.1547213,
ZAF,UNEMPEDU,TRY,PC_25_64,A,2018,6.2131743,
ZAF,UNEMPEDU,UPPSRY_NTRY,PC_25_64,A,2016,24.449957,
ZAF,UNEMPEDU,UPPSRY_NTRY,PC_25_64,A,2017,25.416525,
ZAF,UNEMPEDU,UPPSRY_NTRY,PC_25_64,A,2018,25.627234,
CRI,UNEMPEDU,BUPPSRY,PC_25_64,A,2016,8.0369253,
CRI,UNEMPEDU,BUPPSRY,PC_25_64,A,2017,7.0499477,
CRI,UNEMPEDU,BUPPSRY,PC_25_64,A,2018,7.5474401,
CRI,UNEMPEDU,BUPPSRY,PC_25_64,A,2019,9.6185551,
CRI,UNEMPEDU,TRY,PC_25_64,A,2016,4.7974305,
CRI,UNEMPEDU,TRY,PC_25_64,A,2017,5.1533422,
CRI,UNEMPEDU,TRY,PC_25_64,A,2018,5.6090283,
CRI,UNEMPEDU,TRY,PC_25_64,A,2019,6.1479139,
CRI,UNEMPEDU,UPPSRY_NTRY,PC_25_64,A,2016,6.5024719,
CRI,UNEMPEDU,UPPSRY_NTRY,PC_25_64,A,2017,7.2881718,
CRI,UNEMPEDU,UPPSRY_NTRY,PC_25_64,A,2018,9.2322922,
CRI,UNEMPEDU,UPPSRY_NTRY,PC_25_64,A,2019,8.7808056,
